{
	"class_name" : "PinholeCameraParameters",
	"extrinsic" : 
	[
		0.98283622587437558,
		0.066628736759681062,
		-0.17202780166828452,
		0.0,
		0.17645500019978039,
		-0.61157507338901962,
		0.77125842783966447,
		0.0,
		-0.053819940668018346,
		-0.78837588816948512,
		-0.6128351107267489,
		0.0,
		0.14697991886751982,
		2.0358856298899184,
		140.12264678999261,
		1.0
	],
	"intrinsic" : 
	{
		"height" : 1055,
		"intrinsic_matrix" : 
		[
			913.65680099258282,
			0.0,
			0.0,
			0.0,
			913.65680099258282,
			0.0,
			959.5,
			527.0,
			1.0
		],
		"width" : 1920
	},
	"version_major" : 1,
	"version_minor" : 0
}